{
  "vars": [
    {
      "class": "BayesianNetworkSCMNode",
      "name": "Akt",
      "parents": [
        "PKA",
        "Erk"
      ],
      "values": [
        "LOW",
        "AVG",
        "HIGH"
      ],
      "probability_distribution": {
        "LOW,LOW": [
          0.6721176592,
          0.3277794919,
          0.0001028489
        ],
        "LOW,AVG": [
          0.62038586,
          0.37950262,
          0.00011152
        ],
        "LOW,HIGH": [
          0.9750859107,
          0.0240549828,
          0.0008591065
        ],
        "AVG,LOW": [
          0.334950584,
          0.6648697215,
          0.0001796945
        ],
        "AVG,AVG": [
          0.821408184,
          0.1782019687,
          0.0003898473
        ],
        "AVG,HIGH": [
          0.9483619,
          0.05154733,
          9.075234e-05
        ],
        "HIGH,LOW": [
          7.682262e-05,
          0.1183068,
          0.8816163
        ],
        "HIGH,AVG": [
          0.177105936,
          0.813732581,
          0.009161483
        ],
        "HIGH,HIGH": [
          0.1703412073,
          0.8293963255,
          0.0002624672
        ]
      }
    },
    {
      "class": "BayesianNetworkSCMNode",
      "name": "Erk",
      "parents": [
        "PKA",
        "Mek"
      ],
      "values": [
        "LOW",
        "AVG",
        "HIGH"
      ],
      "probability_distribution": {
        "LOW,LOW": [
          0.85051343,
          0.13872433,
          0.01076224
        ],
        "LOW,AVG": [
          0.1177122,
          0.6919357,
          0.1903521
        ],
        "LOW,HIGH": [
          0.07405991,
          0.70044614,
          0.22549395
        ],
        "AVG,LOW": [
          0.3870326,
          0.4836913,
          0.1292761
        ],
        "AVG,AVG": [
          0.04895789,
          0.72823961,
          0.2228025
        ],
        "AVG,HIGH": [
          0.003663004,
          0.102564103,
          0.893772894
        ],
        "HIGH,LOW": [
          0.008682883,
          0.187958884,
          0.803358233
        ],
        "HIGH,AVG": [
          0.001153403,
          0.748558247,
          0.250288351
        ],
        "HIGH,HIGH": [
          0.03333333,
          0.03333333,
          0.93333333
        ]
      }
    },
    {
      "class": "BayesianNetworkSCMNode",
      "name": "Jnk",
      "parents": [
        "PKC",
        "PKA"
      ],
      "values": [
        "LOW",
        "AVG",
        "HIGH"
      ],
      "probability_distribution": {
        "LOW,LOW": [
          0.2899262,
          0.2457641,
          0.4643097
        ],
        "LOW,AVG": [
          0.5794436587,
          0.4203206035,
          0.0002357379
        ],
        "LOW,HIGH": [
          0.00456621,
          0.99086758,
          0.00456621
        ],
        "AVG,LOW": [
          0.5766701,
          0.4232872,
          4.271314e-05
        ],
        "AVG,AVG": [
          0.6129037,
          0.3870808,
          1.543138e-05
        ],
        "AVG,HIGH": [
          0.0446898,
          0.93495569,
          0.02035451
        ],
        "HIGH,LOW": [
          0.996124,
          0.003806755,
          6.921373e-05
        ],
        "HIGH,AVG": [
          0.8623005877,
          0.1368597817,
          0.0008396306
        ],
        "HIGH,HIGH": [
          0.155367232,
          0.84180791,
          0.002824859
        ]
      }
    },
    {
      "class": "BayesianNetworkSCMNode",
      "name": "Mek",
      "parents": [
        "Raf",
        "PKC",
        "PKA"
      ],
      "values": [
        "LOW",
        "AVG",
        "HIGH"
      ],
      "probability_distribution": {
        "LOW,LOW,LOW": [
          0.7451772095,
          0.2545984747,
          0.0002243158
        ],
        "LOW,LOW,AVG": [
          0.3846008,
          0.1231368,
          0.4922624
        ],
        "LOW,LOW,HIGH": [
          0.262181426,
          0.001450275,
          0.736368299
        ],
        "LOW,AVG,LOW": [
          0.7066581578,
          0.2931291215,
          0.0002127207
        ],
        "LOW,AVG,AVG": [
          0.2692763938,
          0.7304863582,
          0.0002372479
        ],
        "LOW,AVG,HIGH": [
          0.85065617,
          0.10656168,
          0.04278215
        ],
        "LOW,HIGH,LOW": [
          0.854385965,
          0.143859649,
          0.001754386
        ],
        "LOW,HIGH,AVG": [
          0.01190476,
          0.97619048,
          0.01190476
        ],
        "LOW,HIGH,HIGH": [
          0.3333333,
          0.3333333,
          0.3333333
        ],
        "AVG,LOW,LOW": [
          0.7576915,
          0.2422767,
          3.181572e-05
        ],
        "AVG,LOW,AVG": [
          0.343172087,
          0.649403298,
          0.007424615
        ],
        "AVG,LOW,HIGH": [
          0.8652899,
          0.1010029,
          0.0337072
        ],
        "AVG,AVG,LOW": [
          0.7148153,
          0.2851753,
          9.338376e-06
        ],
        "AVG,AVG,AVG": [
          0.27465766,
          0.72002723,
          0.00531511
        ],
        "AVG,AVG,HIGH": [
          0.2814957,
          0.5851161,
          0.1333882
        ],
        "AVG,HIGH,LOW": [
          0.8256463,
          0.1743254,
          2.831337e-05
        ],
        "AVG,HIGH,AVG": [
          0.1054112554,
          0.8943722944,
          0.0002164502
        ],
        "AVG,HIGH,HIGH": [
          0.3333333,
          0.3333333,
          0.3333333
        ],
        "HIGH,LOW,LOW": [
          0.9977281,
          0.002244485,
          2.737176e-05
        ],
        "HIGH,LOW,AVG": [
          0.9996370895,
          0.0001814553,
          0.0001814553
        ],
        "HIGH,LOW,HIGH": [
          0.9361046959,
          0.0007698229,
          0.0631254811
        ],
        "HIGH,AVG,LOW": [
          0.9689835575,
          0.0306427504,
          0.0003736921
        ],
        "HIGH,AVG,AVG": [
          0.854385965,
          0.143859649,
          0.001754386
        ],
        "HIGH,AVG,HIGH": [
          0.498470948,
          0.498470948,
          0.003058104
        ],
        "HIGH,HIGH,LOW": [
          0.725950783,
          0.272930649,
          0.001118568
        ],
        "HIGH,HIGH,AVG": [
          0.006060606,
          0.987878788,
          0.006060606
        ],
        "HIGH,HIGH,HIGH": [
          0.3333333,
          0.3333333,
          0.3333333
        ]
      }
    },
    {
      "class": "BayesianNetworkSCMNode",
      "name": "P38",
      "parents": [
        "PKC",
        "PKA"
      ],
      "values": [
        "LOW",
        "AVG",
        "HIGH"
      ],
      "probability_distribution": {
        "LOW,LOW": [
          0.30691159,
          0.06458648,
          0.62850193
        ],
        "LOW,AVG": [
          0.6558227251,
          0.343941537,
          0.0002357379
        ],
        "LOW,HIGH": [
          0.86757991,
          0.12785388,
          0.00456621
        ],
        "AVG,LOW": [
          0.919186742,
          0.078464036,
          0.002349223
        ],
        "AVG,AVG": [
          0.8149777,
          0.1850069,
          1.543138e-05
        ],
        "AVG,HIGH": [
          0.80313955,
          0.19272946,
          0.00413099
        ],
        "HIGH,LOW": [
          0.80737818,
          0.09163898,
          0.10098283
        ],
        "HIGH,AVG": [
          0.3862301,
          0.1595298,
          0.4542401
        ],
        "HIGH,HIGH": [
          0.765536723,
          0.231638418,
          0.002824859
        ]
      }
    },
    {
      "class": "BayesianNetworkSCMNode",
      "name": "PIP2",
      "parents": [
        "Plcg",
        "PIP3"
      ],
      "values": [
        "LOW",
        "AVG",
        "HIGH"
      ],
      "probability_distribution": {
        "LOW,LOW": [
          0.9967915,
          0.003169817,
          3.865631e-05
        ],